PLAYER_ID,PLAYER_NAME
2772,Trevor Ariza
202344,Trevor Booker
2731,Emeka Okafor
203078,Bradley Beal
201985,AJ Price
202686,Jan Vesely
101110,Martell Webster
202348,Jordan Crawford
202698,Chris Singleton
2457,Jannero Pargo
2853,Earl Barron
201858,Cartier Martin
202087,Alonzo Gee
202684,Tristan Thompson
2760,Anderson Varejao
203079,Dion Waiters
202681,Kyrie Irving
101139,CJ Miles
203092,Tyler Zeller
200789,Daniel Gibson
2575,Luke Walton
202388,Donald Sloan
201956,Omri Casspi
202720,Jon Leuer
202396,Samardo Samuels
1718,Paul Pierce
101138,Brandon Bass
708,Kevin Garnett
201584,Courtney Lee
200765,Rajon Rondo
203096,Jared Sullinger
1891,Jason Terry
201145,Jeff Green
2571,Leandro Barbosa
2215,Jason Collins
203126,Kris Joseph
2545,Darko Milicic
2404,Chris Wilcox
2544,LeBron James
2203,Shane Battier
2547,Chris Bosh
2548,Dwyane Wade
201596,Mario Chalmers
951,Ray Allen
2617,Udonis Haslem
1740,Rashard Lewis
202708,Norris Cole
2034,Mike Miller
202725,Josh Harrellson
202227,Terrel Harris
2592,James Jones
1890,Shawn Marion
1882,Elton Brand
201148,Brandan Wright
201564,O.J. Mayo
201954,Darren Collison
1713,Vince Carter
2201,Eddy Curry
203109,Jae Crowder
201958,Rodrigue Beaubois
2563,Dahntay Jones
203099,Jared Cunningham
203108,Bernard James
202346,Dominique Jones
1897,Metta World Peace
2200,Pau Gasol
2730,Dwight Howard
977,Kobe Bryant
959,Steve Nash
2581,Steve Blake
201975,Jodie Meeks
1712,Antawn Jamison
201941,Jordan Hill
2768,Chris Duhon
202365,Devin Ebanks
202721,Darius Morris
203135,Robert Sacre
101123,Gerald Green
2561,David West
201579,Roy Hibbert
202331,Paul George
201588,George Hill
201946,Tyler Hansbrough
201970,Sam Young
201571,D.J. Augustin
101133,Ian Mahinmi
202362,Lance Stephenson
201965,Jeff Ayres
203162,Ben Hansbrough
203111,Orlando Johnson
202361,Landry Fields
200745,Andrea Bargnani
202685,Jonas Valanciunas
201942,DeMar DeRozan
200768,Kyle Lowry
203082,Terrence Ross
202334,Ed Davis
101181,Jose Calderon
101161,Amir Johnson
101187,Alan Anderson
201189,Aaron Gray
101249,John Lucas III
101132,Linas Kleiza
202706,Jordan Hamilton
202702,Kenneth Faried
201585,Kosta Koufos
2738,Andre Iguodala
201951,Ty Lawson
1889,Andre Miller
201147,Corey Brewer
201580,JaVale McGee
201163,Wilson Chandler
203095,Evan Fournier
201568,Danilo Gallinari
203113,Quincy Miller
201576,Anthony Randolph
202323,Evan Turner
201152,Thaddeus Young
202730,Lavoy Allen
2202,Jason Richardson
201950,Jrue Holiday
201150,Spencer Hawes
2748,Dorell Wright
201156,Nick Young
203146,Maalik Wayns
2863,Damien Wilkins
2198,Kwame Brown
2767,Royal Ivey
203102,Arnett Moultrie
202718,Chandler Parsons
202694,Marcus Morris
201600,Omer Asik
201935,James Harden
202391,Jeremy Lin
2568,Carlos Delfino
202962,Greg Smith
201962,Toney Douglas
201161,Daequan Cook
202332,Cole Aldrich
203093,Terrence Jones
202700,Donatas Motiejunas
203091,Royce White
2419,Tayshaun Prince
101131,Jason Maxiell
202328,Greg Monroe
201155,Rodney Stuckey
202688,Brandon Knight
203119,Kim English
201973,Jonas Jerebko
202713,Kyle Singler
101198,Will Bynum
203083,Andre Drummond
201948,Austin Daye
203114,Khris Middleton
101111,Charlie Villanueva
201949,James Johnson
201574,Jason Thompson
202326,DeMarcus Cousins
201936,Tyreke Evans
202738,Isaiah Thomas
201977,Marcus Thornton
203080,Thomas Robinson
201166,Aaron Brooks
101128,Francisco Garcia
101236,Chuck Hayes
202690,Jimmer Fredette
202715,Tyler Honeycutt
2566,Travis Outlaw
2736,Luol Deng
2430,Carlos Boozer
201149,Joakim Noah
1888,Richard Hamilton
2550,Kirk Hinrich
201959,Taj Gibson
201158,Marco Belinelli
101126,Nate Robinson
202710,Jimmy Butler
1737,Nazr Mohammed
2209,Vladimir Radmanovic
203104,Marquis Teague
202695,Kawhi Leonard
1495,Tim Duncan
2564,Boris Diaw
201980,Danny Green
2225,Tony Parker
1536,Stephen Jackson
2588,Matt Bonner
201168,Tiago Splitter
202390,Gary Neal
201988,Patty Mills
201971,DeJuan Blair
201986,Nando De Colo
202709,Cory Joseph
202329,Al-Farouq Aminu
203076,Anthony Davis
201577,Robin Lopez
203085,Austin Rivers
202349,Greivis Vasquez
2427,Roger Mason Jr.
201583,Ryan Anderson
201160,Jason Smith
203121,Darius Miller
203148,Brian Roberts
202333,Xavier Henry
202498,Lance Thomas
101124,Hakim Warrick
101107,Marvin Williams
200794,Paul Millsap
2744,Al Jefferson
202330,Gordon Hayward
2590,Mo Williams
2224,Jamaal Tinsley
202324,Derrick Favors
200751,Randy Foye
202683,Enes Kanter
201960,DeMarre Carroll
203122,Kevin Murphy
202692,Alec Burks
202379,Jeremy Evans
203084,Harrison Barnes
101135,David Lee
101106,Andrew Bogut
202691,Klay Thompson
201939,Stephen Curry
203105,Festus Ezeli
201575,Brandon Rush
101127,Jarrett Jack
201171,Carl Landry
2210,Richard Jefferson
203110,Draymond Green
2740,Andris Biedrins
202724,Charles Jenkins
201563,Michael Beasley
2449,Luis Scola
101162,Marcin Gortat
201162,Jared Dudley
201609,Goran Dragic
202693,Markieff Morris
979,Jermaine O'Neal
200769,Shannon Brown
2742,Sebastian Telfair
200782,PJ Tucker
202325,Wesley Johnson
203088,Kendall Marshall
202545,Luke Zeller
200752,Rudy Gay
2216,Zach Randolph
201188,Marc Gasol
2754,Tony Allen
201144,Mike Conley
201573,Jerryd Bayless
201578,Marreese Speights
201961,Wayne Ellington
202347,Quincy Pondexter
201632,Hamed Haddadi
202729,Josh Selby
203100,Tony Wroten
2406,Caron Butler
201933,Blake Griffin
201599,DeAndre Jordan
2584,Willie Green
101108,Chris Paul
200797,Ryan Hollins
2037,Jamal Crawford
202339,Eric Bledsoe
101142,Ronny Turiaf
1885,Lamar Odom
2440,Matt Barnes
201587,Nicolas Batum
200746,LaMarcus Aldridge
201581,JJ Hickson
202083,Wesley Matthews
203081,Damian Lillard
202701,Nolan Smith
2562,Sasha Pavlovic
203086,Meyers Leonard
2407,Jared Jeffries
202337,Luke Babbitt
203115,Will Barton
201964,Victor Claver
200777,Joel Freeland
2546,Carmelo Anthony
703,Kurt Thomas
2199,Tyson Chandler
200758,Ronnie Brewer
101109,Raymond Felton
739,Rasheed Wallace
2747,JR Smith
203143,Pablo Prigioni
948,Marcus Camby
200779,Steve Novak
200778,James White
203142,Chris Copeland
467,Jason Kidd
2222,Gerald Wallace
2743,Kris Humphries
201572,Brook Lopez
2207,Joe Johnson
101114,Deron Williams
2586,Keith Bogans
2501,Reggie Evans
201228,C.J. Watson
101154,Andray Blatche
711,Jerry Stackhouse
2735,Josh Childress
202705,MarShon Brooks
203116,Tyshawn Taylor
201586,Serge Ibaka
201142,Kevin Durant
2570,Kendrick Perkins
200757,Thabo Sefolosha
201566,Russell Westbrook
2555,Nick Collison
2755,Kevin Martin
201934,Hasheem Thabeet
201953,Eric Maynor
202704,Reggie Jackson
203103,Perry Jones III
203087,Jeremy Lamb
202732,DeAndre Liggins
203101,Miles Plumlee
203077,Michael Kidd-Gilchrist
201957,Byron Mullens
2217,Brendan Haywood
201945,Gerald Henderson
202689,Kemba Walker
200748,Tyrus Thomas
202687,Bismack Biyombo
201196,Ramon Sessions
2732,Ben Gordon
202130,Reggie Williams
2679,Matt Carroll
202809,Cory Higgins
203106,Jeffery Taylor
2045,Hedo Turkoglu
201175,Glen Davis
202696,Nikola Vucevic
201167,Arron Afflalo
2749,Jameer Nelson
200755,JJ Redick
201177,Josh McRoberts
202734,E'Twaun Moore
202397,Ish Smith
203094,Andrew Nicholson
203124,Kyle O'Quinn
202970,Gustavo Ayon
203090,Maurice Harkless
202699,Tobias Harris
101141,Ersan Ilyasova
2223,Samuel Dalembert
101145,Monta Ellis
201943,Brandon Jennings
202336,Larry Sanders
2399,Mike Dunleavy
202327,Ekpe Udoh
2757,Beno Udrih
2605,Marquis Daniels
203117,Doron Lamb
2400,Drew Gooden
2038,Joel Przybilla
202335,Patrick Patterson
2594,Kyle Korver
2746,Josh Smith
201143,Al Horford
2734,Devin Harris
201952,Jeff Teague
2052,DeShawn Stevenson
2585,Zaza Pachulia
101150,Lou Williams
201229,Anthony Tolliver
203098,John Jenkins
201274,Ivan Johnson
201627,Anthony Morrow
203118,Mike Scott
201202,Joel Anthony
1905,Andrei Kirilenko
202682,Derrick Williams
201593,Nikola Pekovic
200750,Brandon Roy
2557,Luke Ridnour
203144,Alexey Shved
201978,Chase Budinger
200826,J.J. Barea
201967,Dante Cunningham
201880,Greg Stiemsma
200811,Lou Amundson
101215,Will Conroy
202723,Malcolm Lee
201947,Earl Clark
201589,Darrell Arthur
202338,Kevin Seraphin
201187,Dominic McGuire
203129,Tornike Shengelia
203141,Mirza Teletovic
202389,Timofey Mozgov
101179,Ronnie Price
203159,Scott Machado
2549,Chris Kaman
2211,Troy Murphy
1938,Manu Ginobili
203145,Kent Bazemore
202719,Jeremy Tyler
203199,DeQuan Jones
203139,Viacheslav Kravtsov
203197,Diante Garrett
2205,DeSagana Diop
203089,John Henson
203112,Quincy Acy
202376,Luke Harangody
202951,Jeremy Pargo
202350,Daniel Orton
2422,John Salmons
203130,Darius Johnson-Odom
1894,Corey Maggette
101130,Johan Petro
2572,Josh Howard
202340,Avery Bradley
2733,Shaun Livingston
202933,Julyan Stone
202341,James Anderson
2403,Nene
201567,Kevin Love
2248,Earl Watson
202354,Dexter Pittman
1497,Chauncey Billups
2554,Mickael Pietrus
201601,Luc Mbah a Moute
965,Derek Fisher
203158,Kevin Jones
202399,Jeff Adrien
201937,Ricky Rubio
1717,Dirk Nowitzki
201604,Chris Douglas-Roberts
202363,Jarvis Varnado
202714,Shelvin Mack
202066,Garrett Temple
201569,Eric Gordon
2405,Amar'e Stoudemire
202351,Lazar Hayward
2229,Mike James
255,Grant Hill
202322,John Wall
202345,Damion James
201976,Patrick Beverley
202697,Iman Shumpert
101153,Mickael Gelabale
202419,Chris Johnson
2365,Chris Andersen
203187,Chris Johnson
203382,Aron Baynes
203097,Fab Melo
201944,Terrence Williams
1733,Al Harrington
101122,Danny Granger
2030,Kenyon Martin
203317,Tim Ohlbrecht
101183,Shavlik Randolph
201591,DJ White
203156,Henry Sims
202952,Malcolm Thomas
202727,Travis Leslie
203203,Chris Wright
201969,DaJuan Summers
200809,Chris Quinn
202343,Elliot Williams
436,Juwan Howard
202458,Justin Dentmon
203200,Justin Holiday
202077,Jerel McNeal
2039,Keyon Dooling
203006,Josh Akognon
200780,Solomon Jones
202726,Andrew Goudelock
2047,Quentin Richardson
203506,Victor Oladipo
203524,Solomon Hill
2446,Rasual Butler
201565,Derrick Rose
203503,Tony Snell
203513,Erik Murphy
203493,Reggie Bullock
200761,Shawne Williams
200770,Jordan Farmar
203527,Ryan Kelly
203486,Mason Plumlee
203461,Anthony Bennett
101115,Andrew Bynum
203521,Matthew Dellavedova
203487,Michael Carter-Williams
203561,Brandon Davies
203138,Hollis Thompson
203543,Vitor Faverani
203482,Kelly Olynyk
203515,Phil Pressey
202779,Dwight Buycks
203318,Glen Rice
203484,Kentavious Caldwell-Pope
203491,Peyton Siva
203502,Tony Mitchell
203540,Gigi Datome
203489,Nate Wolters
203507,Giannis Antetokounmpo
203545,Miroslav Raduljica
203501,Tim Hardaway Jr.
203469,Cody Zeller
203476,Gorgui Dieng
203133,Robbie Hummel
203498,Shabazz Muhammad
202620,Arinze Onuaku
203481,Jeff Withey
203471,Dennis Schroder
203544,Pero Antic
203539,Gal Mekel
203495,Ricky Ledo
201979,Nick Calathes
203479,Jamaal Franklin
203500,Steven Adams
101155,Ryan Gomes
203460,Andre Roberson
203497,Rudy Gobert
200839,Mike Harris
203546,Ian Clark
203459,Allen Crabbe
101112,Channing Frye
203458,Alex Len
203462,Archie Goodwin
202091,Dionte Christmas
203463,Ben McLemore
202380,Hamady Ndiaye
203548,Elias Harris
203136,Ognjen Kuzmic
203517,Nemanja Nedovic
203315,Toure' Murry
203480,James Southerland
203508,Sergey Karasev
203492,Ray McCallum
203467,Carrick Felix
203147,Chris Smith
203499,Shane Larkin
203473,Dewayne Dedmon
203485,Lorenzo Brown
203504,Trey Burke
201785,Othyus Jeffers
203490,Otto Porter Jr.
200756,Hilton Armstrong
201582,Alexis Ajinca
203477,Isaiah Canaan
203552,Seth Curry
203468,CJ McCollum
203263,James Nunnally
201141,Greg Oden
202412,Manny Harris
203496,Robert Covington
203505,Vander Blue
203488,Mike Muscala
2756,Sasha Vujacic
203519,Adonis Thomas
203569,Chris Babb
203584,Troy Daniels
203120,Justin Hamilton
203183,Tony Mitchell
203268,Jorge Gutierrez
202197,Shane Edwards
202874,Chris Wright
201203,Mustafa Shakur
203810,Casper Ware
203474,DJ Stephens
203816,Scotty Hopson
203186,Willie Reed
2408,Melvin Ely
2694,Josh Powell
203901,Elfrid Payton
203932,Aaron Gordon
203906,Devyn Marble
203937,Kyle Anderson
204028,Tarik Black
203123,Kostas Papanikolaou
201595,Joey Dorsey
203903,Jordan Clarkson
203944,Julius Randle
203953,Jabari Parker
203798,PJ Hairston
203457,Nerlens Noel
203909,KJ McDaniels
203960,JaKarr Sampson
204014,Damjan Rudez
203963,Shayne Whittington
202711,Bojan Bogdanovic
202366,Jerome Jordan
203928,Cory Jefferson
203935,Marcus Smart
203923,James Young
203516,James Ennis III
203894,Shabazz Napier
203512,Lucas Nogueira
203952,Andrew Wiggins
203897,Zach LaVine
203922,Glenn Robinson III
203919,Jordan Adams
203950,Jarnell Stokes
203926,Doug McDermott
202703,Nikola Mirotic
203946,Cameron Bairstow
203921,Cleanthony Early
204037,Travis Wear
203915,Spencer Dinwiddie
203994,Jusuf Nurkic
203918,Rodney Hood
203957,Dante Exum
204060,Joe Ingles
203898,Tyler Ennis
203917,Nik Stauskas
203925,Joe Harris
203945,Alex Kirk
204054,Zoran Dragic
203958,Andre Dawkins
203910,Nick Johnson
203991,Clint Capela
203893,Russ Smith
203943,Noah Vonleh
203942,Patric Young
203998,Bruno Caboclo
203564,Kalin Lucas
203805,Will Cherry
203475,Erick Green
203939,Dwight Powell
203933,T.J. Warren
203940,Adreian Payne
204079,Drew Gordon
203914,Gary Harris
203900,Markel Brown
203924,Jerami Grant
202355,Hassan Whiteside
203912,CJ Wilcox
203961,Eric Moreland
203511,Grant Jerrett
204040,Ronald Roberts Jr.
203996,Damien Inglis
203948,Johnny O'Bryant III
203956,Mitch McGary
203128,Furkan Aldemir
203565,Patrick Christopher
202407,Elijah Millsap
204038,Langston Galloway
204020,Tyler Johnson
203580,Larry Drew II
203210,JaMychal Green
203949,James Michael McAdoo
204025,Tim Frazier
203530,Joffrey Lauvergne
204065,David Stockton
201611,Henry Walker
204022,Jack Cooley
203955,Bryce Cotton
203968,Jerrelle Benimon
204067,Jarell Eddie
203913,Jabari Brown
203930,Sean Kilpatrick
204033,David Wear
201991,Lester Hudson
204021,Sim Bhullar
1626169,Stanley Johnson
1626199,Darrun Hilliard
203934,Lamar Patterson
201619,Sasha Kaun
1626171,Bobby Portis
1626162,Kelly Oubre Jr.
1626209,Mario Hezonja
1626143,Jahlil Okafor
204456,T.J. McConnell
1626174,Christian Wood
1626158,Richaun Holmes
1626179,Terry Rozier
1626175,Jordan Mickey
1626178,Rondae Hollis-Jefferson
203526,Raul Neto
1626168,Trey Lyles
202353,Tibor Pleiss
1626163,Frank Kaminsky
1626151,Aaron Harrison
1626159,Justise Winslow
1626202,Joe Young
1626167,Myles Turner
1626181,Norman Powell
1626153,Delon Wright
1626144,Emmanuel Mudiay
203999,Nikola Jokic
1626149,Montrezl Harrell
1626155,Sam Dekker
204001,Kristaps Porzingis
1626170,Jerian Grant
1626173,Rashad Vaughn
1626147,Justin Anderson
1626257,Salah Mejri
201603,Sonny Weems
1626164,Devin Booker
1626192,Pat Connaughton
1626242,Luis Montero
1626161,Willie Cauley-Stein
1626157,Karl-Anthony Towns
202357,Nemanja Bjelica
1626156,D'Angelo Russell
1626273,Marcelo Huertas
1626148,Anthony Brown
204002,Edy Tavares
1626154,RJ Hunter
1626245,Cristiano Felicio
1626246,Boban Marjanovic
1626166,Cameron Payne
1626196,Josh Richardson
1626204,Larry Nance Jr.
1626145,Tyus Jones
1626251,Duje Dukan
1626146,Cliff Alexander
1626185,Jarell Martin
203613,Jonathon Simmons
203962,Josh Huestis
1626183,Branden Dawson
1626176,Rakeem Christmas
1626266,JJ O'Brien
203951,Keith Appling
1626214,Bryce Dejean-Jones
1626172,Kevon Looney
203895,Jordan McRae
203648,Thanasis Antetokounmpo
1626191,Chris McCullough
1627293,Alex Stepheson
202712,Justin Harper
1626253,Axel Toupane
1626210,Alan Williams
1626262,Coty Clarke
1627362,Briante Weber
204098,Xavier Munford
1628369,Jayson Tatum
1627759,Jaylen Brown
1628400,Semi Ojeleye
1627846,Abdel Nader
1628464,Daniel Theis
1626224,Cedi Osman
201628,Bobby Brown
1627743,Demetrius Jackson
1627753,Zhou Qi
1627775,Patrick McCaw
1628395,Jordan Bell
1628407,Dwayne Bacon
1628370,Malik Monk
1626203,Treveon Graham
1627740,Henry Ellenson
1628379,Luke Kennard
1627747,Caris LeVert
1628386,Jarrett Allen
1627734,Domantas Sabonis
1628388,TJ Leaf
1628387,Ike Anigbogu
1628389,Bam Adebayo
1628475,Matt Williams Jr.
1628371,Jonathan Isaac
1627732,Ben Simmons
203954,Joel Embiid
1628365,Markelle Fultz
203967,Dario Saric
1627789,Timothe Luwawu-Cabarrot
203107,Tomas Satoransky
1627748,Thon Maker
1627763,Malcolm Brogdon
1628425,Sterling Brown
1628391,D.J. Wilson
1628444,Jabari Bird
1627824,Guerschon Yabusele
1627767,Cheick Diallo
1628429,Charles Cooke
1627883,Jalen Jones
1626150,Andrew Harrison
1628415,Dillon Brooks
1627738,Deyonta Davis
1628397,Ivan Rabb
1627752,Taurean Prince
1628381,John Collins
1627098,Malcolm Delaney
1627761,DeAndre' Bembry
203705,Josh Magette
1628416,Tyler Dorsey
1627812,Yogi Ferrell
1628372,Dennis Smith Jr.
1627827,Dorian Finney-Smith
1628467,Maxi Kleber
1627750,Jamal Murray
1627823,Juancho Hernangomez
1627736,Malik Beasley
1628378,Donovan Mitchell
1626220,Royce O'Neale
1627875,Marcus Georges-Hunt
1627749,Dejounte Murray
202722,Davis Bertans
1628401,Derrick White
203464,Brandon Paul
1627854,Bryn Forbes
1628403,Caleb Swanigan
1627774,Jake Layman
1628380,Zach Collins
1628367,Josh Jackson
1627755,Tyler Ulis
1627737,Marquese Chriss
1627733,Dragan Bender
1628409,Alec Peters
1627884,Derrick Jones Jr.
1628455,Mike James
1628382,Justin Jackson
1627746,Skal Labissiere
1627741,Buddy Hield
1628368,De'Aaron Fox
1627781,Malachi Richardson
1628412,Frank Mason
1627834,Georgios Papagiannis
1627835,Paul Zipser
1628374,Lauri Markkanen
1627756,Denzel Valentine
1627853,Ryan Arcidiacono
1628021,David Nwaba
1627770,Kay Felder
1628469,Antonio Blakeney
1627751,Jakob Poeltl
1628384,OG Anunoby
1627832,Fred VanVleet
1627783,Pascal Siakam
1628035,Alfonzo McKinnie
1627758,Ron Baker
1628373,Frank Ntilikina
1626195,Willy Hernangomez
1628422,Damyean Dotson
203518,Alex Abrines
1628390,Terrance Ferguson
1626177,Dakari Johnson
1628462,Milos Teodosic
1628414,Sindarius Thornwell
1627744,Brice Johnson
1627742,Brandon Ingram
1628366,Lonzo Ball
1628398,Kyle Kuzma
1627936,Alex Caruso
1627852,Nicolas Brussino
1627816,Alex Poythress
1628454,Mike Young
1628411,Wes Iwundu
1628492,Gian Clavell
1626188,Quinn Cook
1628404,Josh Hart
203920,Khem Birch
1627790,Ante Zizic
1627855,Okaro White
1627786,Troy Williams
1628424,Kobi Simmons
1627819,Isaiah Taylor
1627826,Ivica Zubac
1628493,Mangok Mathiang
1627779,Marcus Paige
1627780,Gary Payton II
203992,Bogdan Bogdanovic
1627785,Isaiah Whitehead
1628396,Tony Bradley
1628393,Jawun Evans
1627788,Furkan Korkmaz
203585,Rodney McGruder
1627739,Kris Dunn
1627782,Wayne Selden
1627856,Matt Costello
1628451,Jacob Wiley
1628463,Tyler Cavanaugh
1628476,Derrick Walton Jr.
1628418,Thomas Bryant
1627851,Mindaugas Kuzminskas
203710,C.J. Williams
1627762,Joel Bolomboy
1626205,Vincent Hunter
1627772,Daniel Hamilton
203966,Jamil Wilson
1628499,Antonius Cleveland
204066,John Holland
1626643,Jacob Pullen
1628399,Tyler Lydon
1628506,London Perrantes
1628470,Torrey Craig
1628473,Yakuba Ouattara
1626259,Malcolm Miller
1628405,Johnathan Motley
1627863,Danuel House Jr.
1628443,Kadeem Allen
1628420,Monte Morris
1628503,Jamel Artis
1627745,Damian Jones
1627858,Kyle Collinsworth
1628495,Milton Doyle
1628513,Naz Mitrou-Long
1627778,Chinanu Onuaku
1627820,Tyrone Wallace
1628421,Devin Robinson
1628432,Davon Reed
203687,Reggie Hearn
1627988,Myke Henry
1628502,Nigel Hayes
1627850,Marshall Plumlee
1628500,Ben Moore
1627821,James Webb III
1627777,Georges Niang
1627982,Josh Gray
1627735,Wade Baldwin IV
1628571,Erik McCree
1628436,Luke Kornet
1628439,Isaiah Hicks
1628408,PJ Dozier
1628402,Frank Jackson
1628510,Andrew White III
203590,Trey McKinney-Jones
1627215,Walter Lemon Jr.
1627885,Shaquille Harrison
1628537,Jaylen Morris
1628518,Amile Jefferson
1628383,Justin Patton
1628504,Xavier Rathan-Mayes
1628681,Rodney Purvis
1627866,Jameel Warney
1627814,Damion Lee
1628449,Chris Boucher
202918,Xavier Silas
1627817,Tim Quarterman
1626780,Jonathan Gibson
204179,Omari Johnson
1628410,Edmond Sumner
201281,Andre Ingram
1628935,Aaron Jackson
1629013,Landry Shamet
1628413,Jonah Bolden
1629003,Shake Milton
202954,Brad Wanamaker
1628977,Hamidou Diallo
1629126,Deonte Burton
1628980,Jacob Evans
1628978,Donte DiVincenzo
1628970,Miles Bridges
1629066,Rodions Kurucs
1629058,Dzanan Musa
1629033,Theo Pinson
1628971,Bruce Brown
1629155,Zach Lofton
1628991,Jaren Jackson Jr.
1628988,Aaron Holiday
1628999,Yante Maten
1629130,Duncan Robinson
1628964,Mo Bamba
1628515,Isaiah Briscoe
1629027,Trae Young
1629016,Omari Spellman
1628989,Kevin Huerter
1629121,Jaylen Adams
1628995,Kevin Knox
1629011,Mitchell Robinson
1629019,Allonzo Trier
1629012,Collin Sexton
1629026,Kenrich Williams
1629109,Gary Clark
1628392,Isaiah Hartenstein
1628966,Keita Bates-Diop
1629006,Josh Okogie
1629234,Drew Eubanks
1629002,Chimezie Metu
1628960,Grayson Allen
1628963,Marvin Bagley III
1628385,Harry Giles III
1629117,Wenyen Gabriel
1629118,Thomas Welsh
1628983,Shai Gilgeous-Alexander
1629010,Jerome Robinson
1629029,Luka Doncic
1629151,Ryan Broekhoff
1628973,Jalen Brunson
1629034,Ray Spalding
1629028,Deandre Ayton
1629059,Elie Okobo
1628969,Mikal Bridges
1628976,Wendell Carter Jr.
1628990,Chandler Hutchison
1628959,Rawle Alkins
1628972,Troy Brown Jr.
1629067,Isaac Bonga
1629004,Svi Mykhailiuk
1628993,Alize Johnson
1628070,Jordan Loyd
1629057,Robert Williams III
1628982,Melvin Frazier Jr.
1628984,Devonte' Graham
1629133,Daryl Macon
1629140,Johnathan Williams
1629152,DeVaughn Akoon-Purcell
1629001,De'Anthony Melton
1629139,Yuta Watanabe
1629014,Anfernee Simons
1628975,Jevon Carter
1629021,Moritz Wagner
1629053,Vincent Edwards
1629018,Gary Trent Jr.
1629123,Jared Terrell
1629017,Khyri Thomas
1629094,Marcus Derrickson
1629093,Tyler Davis
1629164,Brandon Goodwin
1628417,Jaron Blossomgame
1628994,George King
1628979,Trevon Duval
1629037,Keenan Evans
1626184,Chasson Randle
1629022,Lonnie Walker IV
1629129,Trevon Bluiett
1628505,Troy Caupain
1629055,Donte Grantham
1629122,J.P. Macura
1629312,Haywood Highsmith
1629061,Deng Adel
1628961,Kostas Antetokounmpo
1627395,Julian Washburn
1628249,Mitchell Creek
1629020,Jarred Vanderbilt
1629102,Brandon Sampson
1629150,Emanuel Terry
1629147,Joe Chealey
1629116,Angel Delgado
204076,Richard Solomon
1626296,Jordan Sibert
1629045,Bonzie Colson
1629185,Chris Chiozza
1629244,Cameron Reynolds
1628769,Tahjere McCall
1629168,BJ Johnson
1629541,Dairis Bertans
1629015,Zhaire Smith
1628610,Cody Demps
1628605,Dusty Hannahs
1629203,Jemerrio Jones
1629353,Isaac Humphries
1628656,Billy Garrett
